{
  "Text Only": {
    "accuracy": 0.4868421052631579,
    "precision": 0.2370152354570637,
    "recall": 0.4868421052631579,
    "f1_score": 0.31881695388914766,
    "roc_auc": 0.42688842688842693,
    "average_precision": 0.4747512132921327
  }
}