{
  "Text Only": {
    "accuracy": 0.8230088495575221,
    "precision": 0.8239220922013665,
    "recall": 0.8230088495575221,
    "f1_score": 0.8228840125391849,
    "roc_auc": 0.9019500352416008,
    "average_precision": 0.8943808628988615
  }
}