{
  "Tda Only": {
    "accuracy": 0.5263157894736842,
    "precision": 0.5385353932093916,
    "recall": 0.5263157894736842,
    "f1_score": 0.44471309528949526,
    "roc_auc": 0.5498960498960498,
    "average_precision": 0.5406892282178889
  }
}