{
  "Tda Only": {
    "accuracy": 0.5,
    "precision": 0.25,
    "recall": 0.5,
    "f1_score": 0.3333333333333333,
    "roc_auc": 0.6625420941342313,
    "average_precision": 0.645658555803784
  }
}