{
  "Tda Only": {
    "accuracy": 0.496,
    "precision": 0.4977247706422019,
    "recall": 0.496,
    "f1_score": 0.41533910726182544,
    "roc_auc": 0.4521249359959038,
    "average_precision": 0.4719093134162772
  }
}