{
  "Hybrid": {
    "accuracy": 0.8097345132743363,
    "precision": 0.812697659709045,
    "recall": 0.8097345132743363,
    "f1_score": 0.809282700421941,
    "roc_auc": 0.8955282324379357,
    "average_precision": 0.8697379704177757
  }
}