{
  "Hybrid": {
    "accuracy": 0.824,
    "precision": 0.8242871794871796,
    "recall": 0.824,
    "f1_score": 0.8239323770491803,
    "roc_auc": 0.9093701996927803,
    "average_precision": 0.874661014038806
  }
}