{
  "Hybrid": {
    "accuracy": 0.4868421052631579,
    "precision": 0.2370152354570637,
    "recall": 0.4868421052631579,
    "f1_score": 0.31881695388914766,
    "roc_auc": 0.5176715176715176,
    "average_precision": 0.5307897267609935
  }
}