{
  "Text Only": {
    "accuracy": 0.792,
    "precision": 0.8070909090909091,
    "recall": 0.792,
    "f1_score": 0.7891636363636363,
    "roc_auc": 0.9183307731694829,
    "average_precision": 0.9089095607317615
  }
}